Name,Maths,Science,English,Attendance (%),Average Marks,Grade
Anjali,88,90,85,96,87.66666666666667,A
Ravi,76,81,74,88,77.0,B
Priya,92,95,89,98,92.0,A+
Aman,85,83,80,92,82.66666666666667,A
Neha,79,77,76,85,77.33333333333333,B
Karan,94,97,91,97,94.0,A+
Meena,67,70,69,80,68.66666666666667,C
Vikas,72,68,70,83,70.0,B
